{"cameraMode":{"drawMode":0,"name":"Shaded","section":"Shading Mode"},"sceneLighting":false,"audioPlay":false,"sceneViewState":{"showFog":true,"showMaterialUpdate":false,"showSkybox":true,"showFlares":true,"showImageEffects":true,"showParticleSystems":true},"in2DMode":false,"pivot":{"x":5.484828948974609,"y":1.2770695686340333,"z":24.750713348388673},"rotation":{"x":-0.03728869929909706,"y":0.9613955616950989,"z":-0.16542606055736543,"w":-0.21670806407928468},"size":77.8875732421875,"orthographic":false}